{
  "block_sounds": {
    "blockSoundsConfig": {
      "acacia_leavesSounds": true,
      "acacia_logSounds": true,
      "acacia_objectSounds": true,
      "acacia_planksSounds": true,
      "barrelSounds": true,
      "beehiveSounds": true,
      "birch_leavesSounds": true,
      "birch_logSounds": true,
      "birch_objectSounds": true,
      "birch_planksSounds": true,
      "bookshelfSounds": true,
      "chestSounds": true,
      "clayBrickSounds": true,
      "claySounds": true,
      "cobblestoneSounds": true,
      "copper_oreSounds": true,
      "darkPrismarineSounds": true,
      "deepslate_copper_oreSounds": true,
      "deepslate_gold_oreSounds": true,
      "deepslate_iron_oreSounds": true,
      "emeraldSounds": true,
      "endStoneBrickSounds": true,
      "endStoneSounds": true,
      "glassSounds": true,
      "goldSounds": true,
      "gold_oreSounds": true,
      "gravelSounds": true,
      "hayBlockSounds": true,
      "iceSounds": true,
      "ironSounds": true,
      "iron_oreSounds": true,
      "jungle_leavesSounds": true,
      "jungle_objectSounds": true,
      "jungle_planksSounds": true,
      "lapisSounds": true,
      "loomSounds": true,
      "magmaBlockSounds": true,
      "mangrove_leavesSounds": true,
      "mangrove_logSounds": true,
      "mangrove_objectSounds": true,
      "mangrove_planksSounds": true,
      "mossy_cobblestoneSounds": true,
      "mossy_stone_bricksSounds": true,
      "oak_logSounds": true,
      "obsidianSounds": true,
      "overworldStoneVariantSounds": true,
      "packedIceSounds": true,
      "prismarineSounds": true,
      "quartzSounds": true,
      "raw_gold_blockSounds": true,
      "sandstoneSounds": true,
      "sheetMetalSounds": true,
      "spruce_leavesSounds": true,
      "spruce_logSounds": true,
      "spruce_objectSounds": true,
      "spruce_planksSounds": true,
      "stone_bricksSounds": true,
      "terracottaSounds": true
    },
    "falling_in_place_sound": true
  }
}