[
  {
    "user": {
      "type": "player",
      "name": "dambaster40k",
      "uniqueId": "66fdfd15-62c4-47a5-82dc-1eb505b4f72f"
    },
    "time": 1723674218849,
    "type": "Profiler (live)",
    "data": {
      "type": "url",
      "value": "https://spark.lucko.me/NTHW5lyTIu"
    }
  },
  {
    "user": {
      "type": "player",
      "name": "dambaster40k",
      "uniqueId": "66fdfd15-62c4-47a5-82dc-1eb505b4f72f"
    },
    "time": 1723660965053,
    "type": "Profiler (live)",
    "data": {
      "type": "url",
      "value": "https://spark.lucko.me/0OanJDUoJz"
    }
  },
  {
    "user": {
      "type": "player",
      "name": "dambaster40k",
      "uniqueId": "66fdfd15-62c4-47a5-82dc-1eb505b4f72f"
    },
    "time": 1723660850121,
    "type": "Profiler (live)",
    "data": {
      "type": "url",
      "value": "https://spark.lucko.me/wF1ZLbs203"
    }
  },
  {
    "user": {
      "type": "player",
      "name": "dambaster40k",
      "uniqueId": "66fdfd15-62c4-47a5-82dc-1eb505b4f72f"
    },
    "time": 1723588572740,
    "type": "Profiler (live)",
    "data": {
      "type": "url",
      "value": "https://spark.lucko.me/wuuufGHeCG"
    }
  },
  {
    "user": {
      "type": "player",
      "name": "dambaster40k",
      "uniqueId": "66fdfd15-62c4-47a5-82dc-1eb505b4f72f"
    },
    "time": 1723588077184,
    "type": "Profiler (live)",
    "data": {
      "type": "url",
      "value": "https://spark.lucko.me/xUPAalp8rG"
    }
  },
  {
    "user": {
      "type": "player",
      "name": "dambaster40k",
      "uniqueId": "66fdfd15-62c4-47a5-82dc-1eb505b4f72f"
    },
    "time": 1723588005230,
    "type": "Profiler (live)",
    "data": {
      "type": "url",
      "value": "https://spark.lucko.me/OTJO6bYhom"
    }
  },
  {
    "user": {
      "type": "player",
      "name": "dambaster40k",
      "uniqueId": "66fdfd15-62c4-47a5-82dc-1eb505b4f72f"
    },
    "time": 1723585255329,
    "type": "Profiler (live)",
    "data": {
      "type": "url",
      "value": "https://spark.lucko.me/A3SlkXAHQ8"
    }
  },
  {
    "user": {
      "type": "player",
      "name": "dambaster40k",
      "uniqueId": "66fdfd15-62c4-47a5-82dc-1eb505b4f72f"
    },
    "time": 1723584965642,
    "type": "Profiler (live)",
    "data": {
      "type": "url",
      "value": "https://spark.lucko.me/31CgEbvgyP"
    }
  },
  {
    "user": {
      "type": "player",
      "name": "dambaster40k",
      "uniqueId": "66fdfd15-62c4-47a5-82dc-1eb505b4f72f"
    },
    "time": 1723501438537,
    "type": "Profiler (live)",
    "data": {
      "type": "url",
      "value": "https://spark.lucko.me/6ethbAdnqo"
    }
  },
  {
    "user": {
      "type": "player",
      "name": "dambaster40k",
      "uniqueId": "66fdfd15-62c4-47a5-82dc-1eb505b4f72f"
    },
    "time": 1723501434829,
    "type": "Profiler",
    "data": {
      "type": "url",
      "value": "https://spark.lucko.me/dqMahvY5oP"
    }
  },
  {
    "user": {
      "type": "player",
      "name": "dambaster40k",
      "uniqueId": "66fdfd15-62c4-47a5-82dc-1eb505b4f72f"
    },
    "time": 1723495787274,
    "type": "Profiler (live)",
    "data": {
      "type": "url",
      "value": "https://spark.lucko.me/GVjO9gEUSM"
    }
  },
  {
    "user": {
      "type": "player",
      "name": "dambaster40k",
      "uniqueId": "66fdfd15-62c4-47a5-82dc-1eb505b4f72f"
    },
    "time": 1723495690428,
    "type": "Profiler (live)",
    "data": {
      "type": "url",
      "value": "https://spark.lucko.me/zmMbqyAliz"
    }
  },
  {
    "user": {
      "type": "player",
      "name": "dambaster40k",
      "uniqueId": "66fdfd15-62c4-47a5-82dc-1eb505b4f72f"
    },
    "time": 1723335332904,
    "type": "Profiler (live)",
    "data": {
      "type": "url",
      "value": "https://spark.lucko.me/wkIamdBivY"
    }
  },
  {
    "user": {
      "type": "player",
      "name": "dambaster40k",
      "uniqueId": "66fdfd15-62c4-47a5-82dc-1eb505b4f72f"
    },
    "time": 1723334945269,
    "type": "Profiler (live)",
    "data": {
      "type": "url",
      "value": "https://spark.lucko.me/bs9ep2g7t6"
    }
  },
  {
    "user": {
      "type": "player",
      "name": "dambaster40k",
      "uniqueId": "66fdfd15-62c4-47a5-82dc-1eb505b4f72f"
    },
    "time": 1723334847497,
    "type": "Profiler (live)",
    "data": {
      "type": "url",
      "value": "https://spark.lucko.me/CpDTIkkrXZ"
    }
  },
  {
    "user": {
      "type": "player",
      "name": "dambaster40k",
      "uniqueId": "66fdfd15-62c4-47a5-82dc-1eb505b4f72f"
    },
    "time": 1723334647467,
    "type": "Profiler (live)",
    "data": {
      "type": "url",
      "value": "https://spark.lucko.me/OmP5DiifH5"
    }
  },
  {
    "user": {
      "type": "player",
      "name": "dambaster40k",
      "uniqueId": "66fdfd15-62c4-47a5-82dc-1eb505b4f72f"
    },
    "time": 1723245360244,
    "type": "Profiler (live)",
    "data": {
      "type": "url",
      "value": "https://spark.lucko.me/Gmoe8FqiyL"
    }
  },
  {
    "user": {
      "type": "player",
      "name": "dambaster40k",
      "uniqueId": "66fdfd15-62c4-47a5-82dc-1eb505b4f72f"
    },
    "time": 1723244779760,
    "type": "Profiler (live)",
    "data": {
      "type": "url",
      "value": "https://spark.lucko.me/awFZpNemTu"
    }
  },
  {
    "user": {
      "type": "player",
      "name": "dambaster40k",
      "uniqueId": "66fdfd15-62c4-47a5-82dc-1eb505b4f72f"
    },
    "time": 1723243346551,
    "type": "Profiler (live)",
    "data": {
      "type": "url",
      "value": "https://spark.lucko.me/5wU23qOtwG"
    }
  },
  {
    "user": {
      "type": "player",
      "name": "dambaster40k",
      "uniqueId": "66fdfd15-62c4-47a5-82dc-1eb505b4f72f"
    },
    "time": 1723161576024,
    "type": "Profiler (live)",
    "data": {
      "type": "url",
      "value": "https://spark.lucko.me/wK0ZrKZStZ"
    }
  },
  {
    "user": {
      "type": "player",
      "name": "dambaster40k",
      "uniqueId": "66fdfd15-62c4-47a5-82dc-1eb505b4f72f"
    },
    "time": 1723161574020,
    "type": "Profiler (live)",
    "data": {
      "type": "url",
      "value": "https://spark.lucko.me/kmRQ6p451I"
    }
  },
  {
    "user": {
      "type": "player",
      "name": "dambaster40k",
      "uniqueId": "66fdfd15-62c4-47a5-82dc-1eb505b4f72f"
    },
    "time": 1723161571850,
    "type": "Profiler (live)",
    "data": {
      "type": "url",
      "value": "https://spark.lucko.me/TRoUg3Usax"
    }
  }
]